Data Model Name,Table Name,Table Description
_MDD_JCT,_MDD_SR_MONITOR_LOG,Process-log records written by framework SQL execution.
_MDD_JCT,_MDD_JCT_TABLE_STATS,Per-table row/field/datapoint counts for current database inventory.
_MDD_JCT,_MDD_JCT_NUMBERS,Reusable sequence table with integer values and ordinal suffixes.
_MDD_JCT,_MDD_JCT_DATES_FY_DAYS,Month/day to fiscal year-month-quarter mapping reference.
_MDD_JCT,_MDD_JCT_DATES,"Canonical date dimension with fiscal, calendar, and formatted date attributes."
_MDD_JCT,_MDD_JCT_DATES_MONTHS,Month-level subset of the canonical date table.
_MDD_JCT,_MDD_JCT_MINUTES,Minute-grain timeline table generated by _MDD_JCT_MINUTES_SP.
_MDD_JCT,_MDD_JCT_DATES_MINUTES,Joined date and time dimension table at minute grain.
_MDD_JCT,_MDD_JCT_DATES_DAY_MINUTES,Static 0-1439 minute-of-day lookup table.
_MDD_JCT,_MDD_JCT_REPORT_DESIGN_MDD,Global visual design settings for reporting assets.
_MDD_JCT_CREDIBLE,_MDD_JCT_CREDIBLE_ACCOUNTS,One row per Account record in the Credible module.
_MDD_JCT_CREDIBLE,_MDD_JCT_CREDIBLE_ADDRESSES,One row per Address record in the Credible module.
_MDD_JCT_CREDIBLE,_MDD_JCT_CREDIBLE_ADDRESSES_CLIENT_BILLING,One row per Address record in the Credible module.
_MDD_JCT_CREDIBLE,_MDD_JCT_CREDIBLE_ADDRESSES_CLIENT_PRIMARY,One row per Address record in the Credible module.
_MDD_JCT_CREDIBLE,_MDD_JCT_CREDIBLE_AGENCY,One row per Agency record in the Credible module.
_MDD_JCT_CREDIBLE,_MDD_JCT_CREDIBLE_AGE_GROUPS,One row per Group record in the Credible module.
_MDD_JCT_CREDIBLE,_MDD_JCT_CREDIBLE_AGE_GROUPS_CUSTOM,One row per Age Group record in the Credible module.
_MDD_JCT_CREDIBLE,_MDD_JCT_CREDIBLE_ANONYMOUS_CX,"Operational crosswalk table mapping source integer identifiers (client, appointment, and employee ID domains) to randomized anonymous identifiers for downstream masking."
_MDD_JCT_CREDIBLE,_MDD_JCT_CREDIBLE_APPOINTMENTS,"One row per Appointment record in the Credible module. This is an appropriate source for measuring program census from a service-delivery, claims, billing, or billable-services perspective because each row represents a scheduled or documented service encounter."
_MDD_JCT_CREDIBLE,_MDD_JCT_CREDIBLE_APPOINTMENTS_COMPLETED,One row per Appointment record in the Credible module.
_MDD_JCT_CREDIBLE,_MDD_JCT_CREDIBLE_APPOINTMENTS_FAMILIES,One row per Appointment record in the Credible module.
_MDD_JCT_CREDIBLE,_MDD_JCT_CREDIBLE_APPOINTMENTS_INCOMPLETE,One row per Appointment record in the Credible module.
_MDD_JCT_CREDIBLE,_MDD_JCT_CREDIBLE_APPOINTMENTS_PLANNER,One row per Appointment record in the Credible module.
_MDD_JCT_CREDIBLE,_MDD_JCT_CREDIBLE_APPOINTMENTS_PROCEDURE_CODES_MODIFIERS_UNIQUE,One row per CPT Modifier record in the Credible module.
_MDD_JCT_CREDIBLE,_MDD_JCT_CREDIBLE_APPOINTMENTS_PROCEDURE_CODES_UNIQUE,One row per Procuedure Code record in the Credible module.
_MDD_JCT_CREDIBLE,_MDD_JCT_CREDIBLE_APPOINTMENTS_PROCEDURE_MODIFIERS,One row per Procedure Modifier record in the Credible module.
_MDD_JCT_CREDIBLE,_MDD_JCT_CREDIBLE_APPOINTMENTS_PROCEDURE_MODIFIERS_UNIQUE,One row per Procedure Modifier record in the Credible module.
_MDD_JCT_CREDIBLE,_MDD_JCT_CREDIBLE_APPOINTMENTS_UNENRICHED,One row per Appointments Unenriched record in the Credible module (inferred from SQL table inventory).
_MDD_JCT_CREDIBLE,_MDD_JCT_CREDIBLE_APPOINTMENTS_USERS,One row per Appointment record in the Credible module.
_MDD_JCT_CREDIBLE,_MDD_JCT_CREDIBLE_APPOINTMENT_DX,One row per Appointment Dx record in the Credible module (inferred from SQL table inventory).
_MDD_JCT_CREDIBLE,_MDD_JCT_CREDIBLE_APPOINTMENT_SIGNATURES,One row per Signature record in the Credible module.
_MDD_JCT_CREDIBLE,_MDD_JCT_CREDIBLE_APPOINTMENT_SIGNATURES_BOX_1,One row per Signature record in the Credible module.
_MDD_JCT_CREDIBLE,_MDD_JCT_CREDIBLE_APPOINTMENT_SIGNATURES_BOX_2,One row per Signature record in the Credible module.
_MDD_JCT_CREDIBLE,_MDD_JCT_CREDIBLE_APPOINTMENT_SIGNATURES_BOX_3,One row per Signature record in the Credible module.
_MDD_JCT_CREDIBLE,_MDD_JCT_CREDIBLE_APPOINTMENT_SIGNATURES_BOX_4,One row per Signature record in the Credible module.
_MDD_JCT_CREDIBLE,_MDD_JCT_CREDIBLE_APPOINTMENT_SIGNATURES_BOX_5,One row per Signature record in the Credible module.
_MDD_JCT_CREDIBLE,_MDD_JCT_CREDIBLE_APPOINTMENT_SIGNATURES_BOX_6,One row per Signature record in the Credible module.
_MDD_JCT_CREDIBLE,_MDD_JCT_CREDIBLE_APPOINTMENT_SIGNATURES_BOX_7,One row per Signature record in the Credible module.
_MDD_JCT_CREDIBLE,_MDD_JCT_CREDIBLE_APPOINTMENT_SIGNATURES_BOX_8,One row per Signature record in the Credible module.
_MDD_JCT_CREDIBLE,_MDD_JCT_CREDIBLE_APPOINTMENT_SIGNATURES_LBLS,One row per Signature record in the Credible module.
_MDD_JCT_CREDIBLE,_MDD_JCT_CREDIBLE_APPOINTMENT_SIGNATURES_SEQUENCE,One row per Appointment Signatures Sequence record in the Credible module (inferred from SQL table inventory).
_MDD_JCT_CREDIBLE,_MDD_JCT_CREDIBLE_APPOINTMENT_SIGNATURES_VERSIONS,One row per Signature record in the Credible module.
_MDD_JCT_CREDIBLE,_MDD_JCT_CREDIBLE_APPOINTMENT_TYPES,One row per Appointment Type record in the Credible module.
_MDD_JCT_CREDIBLE,_MDD_JCT_CREDIBLE_APPOINTMENT_TYPES_USERS,One row per Appointment Type record in the Credible module.
_MDD_JCT_CREDIBLE,_MDD_JCT_CREDIBLE_BILLING_CPT_CODES,One row per CPT Code record in the Credible module.
_MDD_JCT_CREDIBLE,_MDD_JCT_CREDIBLE_BILLING_CPT_MODIFIERS,One row per CPT Modifier record in the Credible module.
_MDD_JCT_CREDIBLE,_MDD_JCT_CREDIBLE_BILLING_GROUPS,One row per Billing Group record in the Credible module.
_MDD_JCT_CREDIBLE,_MDD_JCT_CREDIBLE_CLIENTEPISODE_VALUES,One row per Episode record in the Credible module.
_MDD_JCT_CREDIBLE,_MDD_JCT_CREDIBLE_CLIENTS,One row per Client record in the Credible module.
_MDD_JCT_CREDIBLE,_MDD_JCT_CREDIBLE_CLIENTS_EXT_VALUES,One row per Client record in the Credible module.
_MDD_JCT_CREDIBLE,_MDD_JCT_CREDIBLE_CLIENTS_EXT_VALUES_UNPIVOT,Special-case unpivot output table generated by the module unpivot procedure.
_MDD_JCT_CREDIBLE,_MDD_JCT_CREDIBLE_CLIENTS_VALUES,One row per Client record in the Credible module.
_MDD_JCT_CREDIBLE,_MDD_JCT_CREDIBLE_CLIENTS_VALUES_UNPIVOT,Special-case unpivot output table generated by the module unpivot procedure.
_MDD_JCT_CREDIBLE,_MDD_JCT_CREDIBLE_CLIENT_LAB_ACCESSIONS,"One row per Lab Accession record in the Credible module. This dataset is specific to lab-testing workflow and should primarily be used for lab orders, collected specimens, and lab-related activity rather than overall program census."
_MDD_JCT_CREDIBLE,_MDD_JCT_CREDIBLE_CLIENT_LAB_FACILITIES,One row per Lab Facility record in the Credible module.
_MDD_JCT_CREDIBLE,_MDD_JCT_CREDIBLE_CLIENT_LAB_FACILITIES_ACCOUNTS,One row per Lab Account record in the Credible module.
_MDD_JCT_CREDIBLE,_MDD_JCT_CREDIBLE_CLIENT_LAB_TESTS,One row per Lab Test record in the Credible module. This dataset is specific to lab-testing workflow and should primarily be used for ordered or processed lab tests rather than overall program census.
_MDD_JCT_CREDIBLE,_MDD_JCT_CREDIBLE_CLIENT_LAB_TEST_RESULTS,One row per Lab Test Result record in the Credible module. This dataset is specific to lab-testing workflow and should primarily be used for lab results and resulting lab activity rather than overall program census.
_MDD_JCT_CREDIBLE,_MDD_JCT_CREDIBLE_CLIENT_LAB_TEST_TYPES,One row per Test Type record in the Credible module.
_MDD_JCT_CREDIBLE,_MDD_JCT_CREDIBLE_CLIENT_MEDS,One row per Medication record in the Credible module.
_MDD_JCT_CREDIBLE,_MDD_JCT_CREDIBLE_CLIENT_ORDERS_LAB_ITEMS,One row per Lab Order Item record in the Credible module. This dataset is specific to lab-order workflow and should primarily be used for lab order items and related testing activity rather than overall program census.
_MDD_JCT_CREDIBLE,_MDD_JCT_CREDIBLE_CLIENT_ORDERS_LAB_ITEM_DX,One row per Lab Item record in the Credible module.
_MDD_JCT_CREDIBLE,_MDD_JCT_CREDIBLE_CLIENT_ORDERS_LAB_RELATIONSHIP,"One row per relationship instance joining Orders, Lab Orders, Lab Order Items, and Order Items."
_MDD_JCT_CREDIBLE,_MDD_JCT_CREDIBLE_CLIENT_UNRESTRICTED,Credible-specific exception table that provides unredacted Client values by combining source Client and Client Info records so restricted clients do not appear with redacted placeholders in downstream module outputs.
_MDD_JCT_CREDIBLE,_MDD_JCT_CREDIBLE_CONTACTS,One row per Contact record in the Credible module.
_MDD_JCT_CREDIBLE,_MDD_JCT_CREDIBLE_CREDENTIAL_GROUPS,One row per Credential Group record in the Credible module.
_MDD_JCT_CREDIBLE,_MDD_JCT_CREDIBLE_CREDENTIAL_TYPES,One row per Credential record in the Credible module.
_MDD_JCT_CREDIBLE,_MDD_JCT_CREDIBLE_CUSTOM_FIELDS,One row per ? record in the Credible module.
_MDD_JCT_CREDIBLE,_MDD_JCT_CREDIBLE_DX,One row per Diagnosis record in the Credible module.
_MDD_JCT_CREDIBLE,_MDD_JCT_CREDIBLE_DX_CURRENT_PIVOT_UNPIVOT,Special-case unpivot output table generated by the module unpivot procedure.
_MDD_JCT_CREDIBLE,_MDD_JCT_CREDIBLE_DX_DATES,One row per Date record in the Credible diagnosis-date model.
_MDD_JCT_CREDIBLE,_MDD_JCT_CREDIBLE_DX_DAYS,"One row per relationship instance between Date, Dx Fingerprint, and Client."
_MDD_JCT_CREDIBLE,_MDD_JCT_CREDIBLE_DX_DOMAIN,One row per ? record in the Credible module.
_MDD_JCT_CREDIBLE,_MDD_JCT_CREDIBLE_DX_EPISODES,One row per Dx Episode record in the Credible module.
_MDD_JCT_CREDIBLE,_MDD_JCT_CREDIBLE_DX_EPISODE_BOOKEND_ENDS,One row per diagnosis episode end boundary.
_MDD_JCT_CREDIBLE,_MDD_JCT_CREDIBLE_DX_EPISODE_BOOKEND_STARTS,One row per diagnosis episode start boundary.
_MDD_JCT_CREDIBLE,_MDD_JCT_CREDIBLE_DX_FINGERPRINT,One row per ? record in the Credible module.
_MDD_JCT_CREDIBLE,_MDD_JCT_CREDIBLE_DX_FINGERPRINT_SNAPSHOTS,"One row per relationship instance joining Client, Dx Snapshot, and Dx Fingerprint."
_MDD_JCT_CREDIBLE,_MDD_JCT_CREDIBLE_DX_NAMES,One row per Dx Names record in the Credible module (inferred from SQL table inventory).
_MDD_JCT_CREDIBLE,_MDD_JCT_CREDIBLE_DX_SNAPSHOTS,One row per ? record in the Credible module.
_MDD_JCT_CREDIBLE,_MDD_JCT_CREDIBLE_DX_SNAPSHOTS_CURRENT,One row per ? record in the Credible module.
_MDD_JCT_CREDIBLE,_MDD_JCT_CREDIBLE_DX_SNAPSHOTS_DISAPPEARED,One row per ? record in the Credible module.
_MDD_JCT_CREDIBLE,_MDD_JCT_CREDIBLE_DX_SNAPSHOTS_HX,One row per ? record in the Credible module.
_MDD_JCT_CREDIBLE,_MDD_JCT_CREDIBLE_DX_SNAPSHOTS_SEQ,One row per ? record in the Credible module.
_MDD_JCT_CREDIBLE,_MDD_JCT_CREDIBLE_DX_SNAPSHOT_DUPLICATES,One row per ? record in the Credible module.
_MDD_JCT_CREDIBLE,_MDD_JCT_CREDIBLE_EMAIL,One row per Email record in the Credible module.
_MDD_JCT_CREDIBLE,_MDD_JCT_CREDIBLE_EMPLOYEES_VALUES,One row per User record in the Credible module.
_MDD_JCT_CREDIBLE,_MDD_JCT_CREDIBLE_EMPLOYEE_CLIENT_ASSIGNMENT,"One row per relationship instance between User, Client, Program, and Role."
_MDD_JCT_CREDIBLE,_MDD_JCT_CREDIBLE_EMPLOYEE_CLIENT_ASSIGNMENT_PRIMARY,One row per relationship instance between User and Client.
_MDD_JCT_CREDIBLE,_MDD_JCT_CREDIBLE_ENROLLMENTS,"One row per Enrollment record in the Credible module. This is an appropriate source for measuring program census from an enrollment, admission, or internal-paperwork perspective because it reflects whether a client is enrolled in a program regardless of whether a service was delivered."
_MDD_JCT_CREDIBLE,_MDD_JCT_CREDIBLE_ENROLLMENTS_LIKELY_ERR,One row per Enrollment record in the Credible module.
_MDD_JCT_CREDIBLE,_MDD_JCT_CREDIBLE_ENROLLMENT_DAYS,One row per ? record in the Credible module.
_MDD_JCT_CREDIBLE,_MDD_JCT_CREDIBLE_EXCLUDED_RECORDS,One row per ? record in the Credible module.
_MDD_JCT_CREDIBLE,_MDD_JCT_CREDIBLE_EXCLUDED_RECORDS_CUSTOM,One row per excluded Record in the Credible module.
_MDD_JCT_CREDIBLE,_MDD_JCT_CREDIBLE_FILES,One row per File record in the Credible module.
_MDD_JCT_CREDIBLE,_MDD_JCT_CREDIBLE_FISCAL_PERIOD,One row per Fiscal Period record in the Credible module.
_MDD_JCT_CREDIBLE,_MDD_JCT_CREDIBLE_FORMS,One row per Form record in the Credible module.
_MDD_JCT_CREDIBLE,_MDD_JCT_CREDIBLE_FORM_ANSWERS_CLIENTS,One row per Answer record in the Credible module.
_MDD_JCT_CREDIBLE,_MDD_JCT_CREDIBLE_FORM_ANSWERS_CLIENTS_MULTISELECT,One row per Answer record in the Credible module.
_MDD_JCT_CREDIBLE,_MDD_JCT_CREDIBLE_FORM_ANSWERS_CLIENTS_MULTISELECT_NOTES,One row per Answer record in the Credible module.
_MDD_JCT_CREDIBLE,_MDD_JCT_CREDIBLE_FORM_ANSWERS_USERS,One row per Answer record in the Credible module.
_MDD_JCT_CREDIBLE,_MDD_JCT_CREDIBLE_FORM_ANSWERS_USERS_MULTISELECT,One row per Answer record in the Credible module.
_MDD_JCT_CREDIBLE,_MDD_JCT_CREDIBLE_FORM_ELEMENTS,One row per Element record in the Credible module.
_MDD_JCT_CREDIBLE,_MDD_JCT_CREDIBLE_FORM_PAGES,One row per Page record in the Credible module.
_MDD_JCT_CREDIBLE,_MDD_JCT_CREDIBLE_FORM_VERSIONS,One row per Form Version record in the Credible module.
_MDD_JCT_CREDIBLE,_MDD_JCT_CREDIBLE_IMMUNIZATIONS,One row per Immunization record in the Credible module.
_MDD_JCT_CREDIBLE,_MDD_JCT_CREDIBLE_INSURANCE_PLANS,One row per Insurance Plan record in the Credible module.
_MDD_JCT_CREDIBLE,_MDD_JCT_CREDIBLE_INSURANCE_PLANS_DAYS,"One row per relationship instance between Date, Fiscal Year, Client, Payer, and Insurance Plan."
_MDD_JCT_CREDIBLE,_MDD_JCT_CREDIBLE_LOCATIONS,One row per service location/site record used for agency geography and operational location context.
_MDD_JCT_CREDIBLE,_MDD_JCT_CREDIBLE_LOOKUP,One row per ? record in the Credible module.
_MDD_JCT_CREDIBLE,_MDD_JCT_CREDIBLE_METADATA,One row per ? record in the Credible module.
_MDD_JCT_CREDIBLE,_MDD_JCT_CREDIBLE_ORDERS,One row per Order record in the Credible module.
_MDD_JCT_CREDIBLE,_MDD_JCT_CREDIBLE_ORDERS_LABS,One row per Order Lab record in the Credible module.
_MDD_JCT_CREDIBLE,_MDD_JCT_CREDIBLE_ORDER_ITEMS,One row per Order Item record in the Credible module.
_MDD_JCT_CREDIBLE,_MDD_JCT_CREDIBLE_PAYER,One row per Payer record in the Credible module.
_MDD_JCT_CREDIBLE,_MDD_JCT_CREDIBLE_PAYER_CHIP,One row per Payer record in the Credible module.
_MDD_JCT_CREDIBLE,_MDD_JCT_CREDIBLE_PAYER_TRICARE,One row per Payer record in the Credible module.
_MDD_JCT_CREDIBLE,_MDD_JCT_CREDIBLE_PAYER_TYPES,One row per Payer Type record in the Credible module.
_MDD_JCT_CREDIBLE,_MDD_JCT_CREDIBLE_PHONE,One row per Phone record in the Credible module.
_MDD_JCT_CREDIBLE,_MDD_JCT_CREDIBLE_PHONE_CLIENT_HOME,One row per Client Phone record in the Credible module.
_MDD_JCT_CREDIBLE,_MDD_JCT_CREDIBLE_PHONE_CLIENT_MOBILE,One row per Client Phone record in the Credible module.
_MDD_JCT_CREDIBLE,_MDD_JCT_CREDIBLE_PLANNER_EPISODES,Relationship table that links planner events to the most plausible enrollment episode based on program alignment and timing windows.
_MDD_JCT_CREDIBLE,_MDD_JCT_CREDIBLE_POS,One row per place-of-service billing code record used for CMS-style location coding in Credible.
_MDD_JCT_CREDIBLE,_MDD_JCT_CREDIBLE_PROGRAMS,One row per Program record in the Credible module.
_MDD_JCT_CREDIBLE,_MDD_JCT_CREDIBLE_PROGRAM_MEMBERSHIP_CLIENTS,"One row per relationship instance between Clients and Programs. This dataset can support roster-style or census-style analysis of which clients are connected to which programs, but it represents program membership relationships rather than billable service delivery."
_MDD_JCT_CREDIBLE,_MDD_JCT_CREDIBLE_PROGRAM_MEMBERSHIP_USERS,One row per relationship instance between Users and Programs.
_MDD_JCT_CREDIBLE,_MDD_JCT_CREDIBLE_RACE,One row per Race record in the Credible module.
_MDD_JCT_CREDIBLE,_MDD_JCT_CREDIBLE_RACE_CLIENT_1,One row per Client Race record in the Credible module.
_MDD_JCT_CREDIBLE,_MDD_JCT_CREDIBLE_RACE_CLIENT_2,One row per Client Race record in the Credible module.
_MDD_JCT_CREDIBLE,_MDD_JCT_CREDIBLE_RACE_CLIENT_3,One row per Client Race record in the Credible module.
_MDD_JCT_CREDIBLE,_MDD_JCT_CREDIBLE_RACE_CLIENT_4,One row per Client Race record in the Credible module.
_MDD_JCT_CREDIBLE,_MDD_JCT_CREDIBLE_RECIPIENTS,One row per Recipient record in the Credible module.
_MDD_JCT_CREDIBLE,_MDD_JCT_CREDIBLE_RLS_BY_CLIENT_ASSIGNMENT,One row per ? record in the Credible module.
_MDD_JCT_CREDIBLE,_MDD_JCT_CREDIBLE_RLS_BY_CLIENT_ASSIGNMENT_WITH_SUP,One row per ? record in the Credible module.
_MDD_JCT_CREDIBLE,_MDD_JCT_CREDIBLE_RLS_BY_CREDIBLE_MIRROR,One row per ? record in the Credible module.
_MDD_JCT_CREDIBLE,_MDD_JCT_CREDIBLE_RLS_BY_CREDIBLE_MIRROR_WITH_SUP,One row per ? record in the Credible module.
_MDD_JCT_CREDIBLE,_MDD_JCT_CREDIBLE_RLS_BY_EMPLOYEE_SUPERVISOR,One row per ? record in the Credible module.
_MDD_JCT_CREDIBLE,_MDD_JCT_CREDIBLE_RLS_BY_PROGRAM_ASSIGNMENT,One row per ? record in the Credible module.
_MDD_JCT_CREDIBLE,_MDD_JCT_CREDIBLE_RLS_BY_PROGRAM_ASSIGNMENT_WITH_SUP,One row per ? record in the Credible module.
_MDD_JCT_CREDIBLE,_MDD_JCT_CREDIBLE_RLS_CLIENT_HIERARCHY,Relationship table that relates Client entities to RLS String entities.
_MDD_JCT_CREDIBLE,_MDD_JCT_CREDIBLE_RLS_MIRROR_HIERARCHY,Relationship table that relates Client entities to RLS String entities.
_MDD_JCT_CREDIBLE,_MDD_JCT_CREDIBLE_RLS_PROGRAM_HIERARCHY,One row per ? record in the Credible module.
_MDD_JCT_CREDIBLE,_MDD_JCT_CREDIBLE_RLS_SUPERVISORY_HIERARCHY,One row per ? record in the Credible module.
_MDD_JCT_CREDIBLE,_MDD_JCT_CREDIBLE_RLS_UPNS,One row per ? record in the Credible module.
_MDD_JCT_CREDIBLE,_MDD_JCT_CREDIBLE_SCHEDULER,One row per ? record in the Credible module.
_MDD_JCT_CREDIBLE,_MDD_JCT_CREDIBLE_SUPERVISORY_RELATIONSHIPS,One row per relationship instance relating User to User to create hierarchy.
_MDD_JCT_CREDIBLE,_MDD_JCT_CREDIBLE_TEAMS,One row per Team record in the Credible module.
_MDD_JCT_CREDIBLE,_MDD_JCT_CREDIBLE_TEAM_MEMBERSHIPS_USERS,One row per relationship instance between Users and Teams.
_MDD_JCT_CREDIBLE,_MDD_JCT_CREDIBLE_TXPLANS,One row per ? record in the Credible module.
_MDD_JCT_CREDIBLE,_MDD_JCT_CREDIBLE_TXPLAN_ANSWERS,One row per ? record in the Credible module.
_MDD_JCT_CREDIBLE,_MDD_JCT_CREDIBLE_TXPLAN_CONTENT,One row per ? record in the Credible module.
_MDD_JCT_CREDIBLE,_MDD_JCT_CREDIBLE_TXPLAN_CONTENT_TYPES,One row per treatment-plan content type.
_MDD_JCT_CREDIBLE,_MDD_JCT_CREDIBLE_TXPLAN_DAYS,One row per ? record in the Credible module.
_MDD_JCT_CREDIBLE,_MDD_JCT_CREDIBLE_TXPLAN_ELEMENTS,One row per ? record in the Credible module.
_MDD_JCT_CREDIBLE,_MDD_JCT_CREDIBLE_TXPLAN_TXP_RELATIONSHIPS,"One row per relationship instance linking TxPlus Plans with TxPlus Problems, Goals, Objectives, and Interventions."
_MDD_JCT_CREDIBLE,_MDD_JCT_CREDIBLE_TXPLAN_TYPES,One row per ? record in the Credible module.
_MDD_JCT_CREDIBLE,_MDD_JCT_CREDIBLE_USERS,One row per User record in the Credible module.
_MDD_JCT_CREDIBLE,_MDD_JCT_CREDIBLE_USER_ASSIGNMENT_ACTIVE_PRIMARY,One row per relationship instance between Clients and Users.
_MDD_JCT_CREDIBLE,_MDD_JCT_CREDIBLE_USER_CREDENTIALS,One row per ? record in the Credible module.
_MDD_JCT_CREDIBLE,_MDD_JCT_CREDIBLE_USER_CREDENTIAL_GROUP_MEMBERSHIPS,One row per ? record in the Credible module.
_MDD_JCT_CREDIBLE,_MDD_JCT_CREDIBLE_USER_ROLES_CLINICAL,One row per Role record in the Credible module.
_MDD_JCT_CREDIBLE,_MDD_JCT_CREDIBLE_VITALS,One row per Vital record in the Credible module.
_MDD_JCT_CREDIBLE,_MDD_JCT_CREDIBLE_VITALS_CURRENT,One row per Vital record in the Credible module.
_MDD_JCT_CREDIBLE,_MDD_JCT_CREDIBLE_VITAL_MEASURES,One row per Vital record in the Credible module.
_MDD_JCT_CSS,_MDD_JCT_CSS_SURVEYS,One row per SurveyMonkey survey downloaded for CSS.
_MDD_JCT_CSS,_MDD_JCT_CSS_SURVEY_PAGES,One row per page within a CSS survey.
_MDD_JCT_CSS,_MDD_JCT_CSS_SURVEY_QUESTIONS,One row per question within a CSS survey.
_MDD_JCT_CSS,_MDD_JCT_CSS_SURVEY_SECTIONS,One row per presentation section header within a CSS survey.
_MDD_JCT_CSS,_MDD_JCT_CSS_SURVEY_ANSWER_CHOICES,One row per configured answer choice for a CSS survey question.
_MDD_JCT_CSS,_MDD_JCT_CSS_SURVEY_RESPONSES,One row per submitted CSS survey response.
_MDD_JCT_CSS,_MDD_JCT_CSS_SURVEY_QUESTION_RESPONSES,One row per answer to one CSS survey question within one submitted response.
_MDD_JCT_CSS,_MDD_JCT_CSS_PNP_SURVEY_RESPONSES,One row per submitted CSS survey response pivoted for the PnP dashboard.
_MDD_JCT_CSS,_MDD_JCT_CSS_PNP_SURVEY_QUESTION_RESPONSES,One row per CSS survey answer at the PnP dashboard scored-question grain.
_MDD_JCT_ENTRA,_MDD_JCT_ENTRA_AGENCY,Tenant-level agency and Microsoft Entra organization details.
_MDD_JCT_ENTRA,_MDD_JCT_ENTRA_USERS,One row per Microsoft Entra user account.
_MDD_JCT_ENTRA,_MDD_JCT_ENTRA_GROUPS,One row per Microsoft Entra group.
_MDD_JCT_ENTRA,_MDD_JCT_ENTRA_LOGINS,Microsoft Entra sign-in event history.
_MDD_JCT_ENTRA,_MDD_JCT_ENTRA_MFA_DEFINITIONS,Reference definition for Microsoft Entra authentication method types and MFA risk/display semantics.
_MDD_JCT_ENTRA,_MDD_JCT_ENTRA_AUTHENTICATION_METHODS,Configured authentication method for a Microsoft Entra user.
_MDD_JCT_ENTRA,_MDD_JCT_ENTRA_USERS_MFA,User-by-MFA-method reporting status used to show configured and missing MFA methods.
_MDD_JCT_ENTRA,_MDD_JCT_ENTRA_USER_GROUPS,"Relationship table joining Microsoft Entra users to groups, enriched with user and group attributes after SQL merge processing."
_MDD_JCT_ENTRA,_MDD_JCT_ENTRA_USER_GROUP_MEMBERSHIP_STATUS,Relationship-status matrix indicating whether each user is or is not a member of each group.
_MDD_JCT_ENTRA,_MDD_JCT_ENTRA_USER_LOGIN_HISTORY_SUMMARY,Thirty-day login day count summarized by user.
_MDD_JCT_ENTRA,_MDD_JCT_ENTRA_LINKS_USERS,Portal link for a Microsoft Entra user.
_MDD_JCT_ENTRA,_MDD_JCT_ENTRA_LINKS_GROUPS,Portal link for a Microsoft Entra group.
_MDD_JCT_ENTRA,_MDD_JCT_ENTRA_USERS_UNPIVOT,Technical unpivot-procedure output for the Microsoft Entra users table.
_MDD_JCT_ENTRA,_MDD_JCT_ENTRA_GROUPS_UNPIVOT,Technical unpivot-procedure output for the Microsoft Entra groups table.
_MDD_JCT_ENTRA,_MDD_JCT_ENTRA_USERS_MFA_UNPIVOT,Technical unpivot-procedure output for the Microsoft Entra user MFA table.
_MDD_JCT_QUICKMAR,_MDD_JCT_QUICKMAR_CLIENTS,"One row per client (patient) in QuickMAR, tied to a specific location, also known as a Facility."
_MDD_JCT_QUICKMAR,_MDD_JCT_QUICKMAR_EMAR_OVERVIEW,One row per overview metric returned by QuickMAR for a location.
_MDD_JCT_QUICKMAR,_MDD_JCT_QUICKMAR_LOCATIONS,One row per QuickMAR location (a facility or site) that appears in the source data.
_MDD_JCT_QUICKMAR,_MDD_JCT_QUICKMAR_ORDERS,"One row per order in QuickMAR, with related client details merged in."
_MDD_JCT_QUICKMAR,_MDD_JCT_QUICKMAR_ORDER_EXCEPTIONS,A recorded medication/order exception event.
_MDD_JCT_QUICKMAR,_MDD_JCT_QUICKMAR_ORDER_ITEMS,"One row per order item in QuickMAR, with related order and client details merged in."
_MDD_JCT_QUICKMAR,_MDD_JCT_QUICKMAR_ORDER_MISSED,"One row per scheduled medication administration that is considered missed by module logic, with related order item and client details merged in."
_MDD_JCT_QUICKMAR,_MDD_JCT_QUICKMAR_TELEMETRY,"One row per captured QuickMAR API or ETL telemetry record used to understand API calls, statuses, and errors."
_MDD_JCT_QUICKMAR,_MDD_JCT_QUICKMAR_VITAL_MEASURES,"One row per vital measurement recorded in QuickMAR, with related client and order details merged in."
_MDD_JCT_RIPPLING,_MDD_JCT_RIPPLING_AGENCY,Represents Rippling legal entities as agencies for the Payroll / HRIS module.
_MDD_JCT_RIPPLING,_MDD_JCT_RIPPLING_AGE_GROUPS,Provides configured reporting bands for whole-number ages.
_MDD_JCT_RIPPLING,_MDD_JCT_RIPPLING_TENURE_GROUPS,Provides configured reporting bands for employee tenure in whole years.
_MDD_JCT_RIPPLING,_MDD_JCT_RIPPLING_EMPLOYEES,"Canonical employee/staff record assembled from Rippling User and Worker data, employment type, department/cost-center data, tenure groupings, employee addresses, and row-level-security metadata."
_MDD_JCT_RIPPLING,_MDD_JCT_RIPPLING_ADDRESSES,Normalizes employee home and work addresses from Rippling User address objects into a common address entity.
_MDD_JCT_RIPPLING,_MDD_JCT_RIPPLING_ADDRESSES_EMPLOYEE_HOME,Employee-only home-address projection used both as a persisted helper entity and as a source for fields merged into Employee.
_MDD_JCT_RIPPLING,_MDD_JCT_RIPPLING_ADDRESSES_EMPLOYEE_WORK,Employee-only work-address projection used both as a persisted helper entity and as a source for fields merged into Employee.
_MDD_JCT_RIPPLING,_MDD_JCT_RIPPLING_EMAIL,Normalizes employee personal and work email addresses into a contact-medium entity and derives email components.
_MDD_JCT_RIPPLING,_MDD_JCT_RIPPLING_PHONE,Normalizes employee home and work phone-number display values from Rippling User data.
_MDD_JCT_RIPPLING,_MDD_JCT_RIPPLING_ETHNICITY,Represents the employee's primary Rippling ethnicity classification as a descriptive attribute.
_MDD_JCT_RIPPLING,_MDD_JCT_RIPPLING_COST_CENTERS,Models Rippling departments as payroll/HRIS cost centers.
_MDD_JCT_RIPPLING,_MDD_JCT_RIPPLING_SUPERVISORY_RELATIONSHIPS,Represents direct and recursively derived indirect employee-to-supervisor relationships.
_MDD_JCT_RIPPLING,_MDD_JCT_RIPPLING_PAY_PERIODS,Builds distinct payroll periods observed on Rippling TimeEntry responses and assigns module sequencing fields.
_MDD_JCT_RIPPLING,_MDD_JCT_RIPPLING_PAY_PERIOD_DAYS,Expands each observed pay period to one row for every calendar date within the period.
_MDD_JCT_RIPPLING,_MDD_JCT_RIPPLING_TIMECLOCK_PUNCHES,"Represents Rippling TimeEntry clock/work periods, enriched with final employee attributes available before the module's later RLS merge."
_MDD_JCT_RIPPLING,_MDD_JCT_RIPPLING_TIMECLOCK_PUNCH_SEGMENTS,"Represents continuous work/break segments nested inside Rippling TimeEntry data, enriched with parent punch and employee attributes."
_MDD_JCT_RIPPLING,_MDD_JCT_RIPPLING_RLS_UPNS,Technical row-level-security lookup of active employees to their work-email user principal values.
_MDD_JCT_RIPPLING,_MDD_JCT_RIPPLING_RLS_ALWAYS_SUPERVISES,Persistent operational list of employees granted universal supervisory visibility for Rippling row-level security.
_MDD_JCT_RIPPLING,_MDD_JCT_RIPPLING_RLS_SUPERVISORY_HIERARCHY,"Technical employee-to-supervisor visibility relationship used to implement row-level security. It includes direct/indirect supervisors, self visibility, and configured universal supervisors."
_MDD_JCT_RIPPLING,_MDD_JCT_RIPPLING_RLS_SUPERVISORY,Aggregates supervisory user-principal emails into a row-level-security access string for each employee.
_MDD_JCT_X_CREDIBLE_CCBHC_UMD,_MDD_JCT_X_CREDIBLE_CCBHC_UMD_AGENCY_CONTEXT,"One-row agency context table used to stamp static agency values onto UMD output, including passthrough columns from [_MDD_JCT_X_CREDIBLE_CCBHC_UMD_AGENCY_CONTEXT_CUSTOM] when present."
_MDD_JCT_X_CREDIBLE_CCBHC_UMD,_MDD_JCT_X_CREDIBLE_CCBHC_UMD_USER_CREDENTIALS,Aggregated credential strings per user for UMD enrichment.
_MDD_JCT_X_CREDIBLE_CCBHC_UMD,_MDD_JCT_X_CREDIBLE_CCBHC_UMD_CLIENT_ACTIVE_DIAGNOSIS,Client/date diagnosis rollup for UMD enrichment.
_MDD_JCT_X_CREDIBLE_CCBHC_UMD,_MDD_JCT_X_CREDIBLE_CCBHC_UMD_CLIENT_ACTIVE_INSURANCE,Client/date insurance rollup for UMD enrichment.
_MDD_JCT_X_CREDIBLE_CCBHC_UMD,_MDD_JCT_X_CREDIBLE_CCBHC_UMD_DATA,Service-level CCBHC UMD export rows for completed appointments.
_MDD_JCT_X_CREDIBLE_ELEOS_COMPLIANCE,_MDD_JCT_X_CREDIBLE_ELEOS_COMPLIANCE_SERVICES,"Stores all service records that are sent to Eleos. Services are the core data type sent to Eleos, with all other data sent being related to these core services either directly or indirectly. This table lists basic data about the services and is used for agencies to understand what services, and therefore what related data, are considered to be targets for the Eleos Compliance product."
_MDD_JCT_X_CREDIBLE_ELEOS_COMPLIANCE,_MDD_JCT_X_CREDIBLE_ELEOS_COMPLIANCE_PROGRAMS,Program reference data for any program that appears in the Services table; link key is [Program ID].
_MDD_JCT_X_CREDIBLE_ELEOS_COMPLIANCE,_MDD_JCT_X_CREDIBLE_ELEOS_COMPLIANCE_PATIENTS,Minimal patient/client data needed for compliance for patients appearing in the Services table; link key is [Patient ID]. Eleos terminology uses Patient.
_MDD_JCT_X_CREDIBLE_ELEOS_COMPLIANCE,_MDD_JCT_X_CREDIBLE_ELEOS_COMPLIANCE_PROCEDURE_CODES,"CPT and HCPCS procedure codes associated with services in the Services table, including modifiers and code type; link key is [Service ID]."
_MDD_JCT_X_CREDIBLE_ELEOS_COMPLIANCE,_MDD_JCT_X_CREDIBLE_ELEOS_COMPLIANCE_TX_PLANS,One row per treatment plan appearing in the Services table; link key is [Tx Plan ID]. Includes services with embedded treatment plan content even when not an official treatment plan.
_MDD_JCT_X_CREDIBLE_ELEOS_COMPLIANCE,_MDD_JCT_X_CREDIBLE_ELEOS_COMPLIANCE_TX_PLAN_CONTENT,"One row per treatment plan content box (plan tree element) in a treatment plan. Represents hierarchy elements such as problems, goals, and interventions; link key to Tx Plans is [Tx Plan ID]."
_MDD_JCT_X_CREDIBLE_ELEOS_COMPLIANCE,_MDD_JCT_X_CREDIBLE_ELEOS_COMPLIANCE_TX_PLAN_CUSTOM_FIELDS,Questions and answers for custom fields associated with treatment plan content (plan tree elements). Current scope is Credible Plan with planned TxPlus expansion; link key is [Tx Content ID].
_MDD_JCT_X_CREDIBLE_ELEOS_COMPLIANCE,_MDD_JCT_X_CREDIBLE_ELEOS_COMPLIANCE_DX,Individual diagnoses associated with services in the Services table; link key is [Service ID].
_MDD_JCT_X_CREDIBLE_ELEOS_COMPLIANCE,_MDD_JCT_X_CREDIBLE_ELEOS_COMPLIANCE_DX_EPISODES,"Full diagnosis episode history for service-linked diagnoses at the patient/ICD10 level, including resolved and reappearing episodes; link key is [Patient ID]."
_MDD_JCT_X_CREDIBLE_ELEOS_COMPLIANCE,_MDD_JCT_X_CREDIBLE_ELEOS_COMPLIANCE_FORMS,Form metadata for forms used to complete services in the Services table; link key is [Form Version ID].
_MDD_JCT_X_CREDIBLE_ELEOS_COMPLIANCE,_MDD_JCT_X_CREDIBLE_ELEOS_COMPLIANCE_FORM_PAGES,Form question/page metadata for forms listed in the Forms table; link key is [Page ID].
_MDD_JCT_X_CREDIBLE_ELEOS_COMPLIANCE,_MDD_JCT_X_CREDIBLE_ELEOS_COMPLIANCE_SIGNATURES_CURRENT,"Current signatures on the service or treatment plan, including signer, sequence/order, and job title/credentials at signature time."
_MDD_JCT_X_CREDIBLE_ELEOS_COMPLIANCE,_MDD_JCT_X_CREDIBLE_ELEOS_COMPLIANCE_SIGNATURES_PREVIOUS,"Historical prior signature versions, including cases where content was signed, unsigned, and re-signed."
_MDD_JCT_X_CREDIBLE_ELEOS_COMPLIANCE,_MDD_JCT_X_CREDIBLE_ELEOS_COMPLIANCE_PROVIDERS,"Providers/staff associated with services in the Services table, including contact and employment details."
_MDD_JCT_X_CREDIBLE_ELEOS_COMPLIANCE,_MDD_JCT_X_CREDIBLE_ELEOS_COMPLIANCE_PROVIDER_SUPERVISORS,"Supervisor relationships for providers associated with services in the Services table, including supervisor contact details."
_MDD_JCT_X_CREDIBLE_ELEOS_COMPLIANCE,_MDD_JCT_X_CREDIBLE_ELEOS_COMPLIANCE_CREDENTIALS,Current credentials for providers associated with services in the Services table.
_MDD_JCT_X_CREDIBLE_ELEOS_COMPLIANCE,_MDD_JCT_X_CREDIBLE_ELEOS_COMPLIANCE_PNP_SETTINGS,Stores settings information used for this solution's Plug and Play dashboard(s).
_MDD_JCT_X_CREDIBLE_FINANCIALS,_MDD_JCT_X_CREDIBLE_FINANCIALS_AGING_BUCKETS,"Defines aging-day ranges used to classify service balances into billing age buckets (for example 1-30 days, 31-60 days), based on extension configuration."
_MDD_JCT_X_CREDIBLE_FINANCIALS,_MDD_JCT_X_CREDIBLE_FINANCIALS_FISCAL_DATES,"One row per calendar day with general-ledger activity, including fiscal-period context such as fiscal month, quarter, and fiscal year assignments."
_MDD_JCT_X_CREDIBLE_FINANCIALS,_MDD_JCT_X_CREDIBLE_FINANCIALS_PAYER_SORT_TYPE,Human-readable payer type values with helper sort fields for ascending and descending reporting order.
_MDD_JCT_X_CREDIBLE_FINANCIALS,_MDD_JCT_X_CREDIBLE_FINANCIALS_PAYER_SORT_NAME,Human-readable payer name values with helper sort fields for ascending and descending reporting order.
_MDD_JCT_X_CREDIBLE_FINANCIALS,_MDD_JCT_X_CREDIBLE_FINANCIALS_PAYER_SORT_TYPE_NAME,Human-readable payer type name values with helper sort fields for ascending and descending reporting order.
_MDD_JCT_X_CREDIBLE_FINANCIALS,_MDD_JCT_X_CREDIBLE_FINANCIALS_PAYER_SORT_CATEGORY,Human-readable payer type category values with helper sort fields for ascending and descending reporting order.
_MDD_JCT_X_CREDIBLE_FINANCIALS,_MDD_JCT_X_CREDIBLE_FINANCIALS_PAYER,"Payer/insurer reference metadata with one row per payer, used to enrich billing, payment, claim, and ledger reporting."
_MDD_JCT_X_CREDIBLE_FINANCIALS,_MDD_JCT_X_CREDIBLE_FINANCIALS_PAYMENTS,"Payment-level transactions received by the agency in response to billing and claims, including client self-pay, copay, and coinsurance payments."
_MDD_JCT_X_CREDIBLE_FINANCIALS,_MDD_JCT_X_CREDIBLE_FINANCIALS_BATCHES,Claim batch records created to group claims for submission to a selected payer for adjudication and payment.
_MDD_JCT_X_CREDIBLE_FINANCIALS,_MDD_JCT_X_CREDIBLE_FINANCIALS_CLAIMS,Individual claim records tied to services and prepared for batching and submission to payers for payment.
_MDD_JCT_X_CREDIBLE_FINANCIALS,_MDD_JCT_X_CREDIBLE_FINANCIALS_LEDGER_ACTION_TYPES,"Lookup of general-ledger action types and their human-readable names, including behavior flags used in downstream accounting logic."
_MDD_JCT_X_CREDIBLE_FINANCIALS,_MDD_JCT_X_CREDIBLE_SERVICE_RELATIONSHIP_DETAIL,"Service-relationship mapping for split billing scenarios (including case-rate workflows), identifying parent, primary, and secondary related services."
_MDD_JCT_X_CREDIBLE_FINANCIALS,_MDD_JCT_X_CREDIBLE_FINANCIALS_LEDGER_BATCH,Groups of ledger entries (debits and credits) prepared for export from the EHR and import into external accounting systems for bookkeeping.
_MDD_JCT_X_CREDIBLE_FINANCIALS,_MDD_JCT_X_CREDIBLE_FINANCIALS_LEDGER,"General-ledger transaction dataset with one row per source ledger transaction generated from service and claim/payment activity, including debit/credit impacts."
_MDD_JCT_X_CREDIBLE_FINANCIALS,_MDD_JCT_X_CREDIBLE_FINANCIALS_LEDGER_PAYMENTS,"Payment-level transactions received by the agency in response to billing and claims, including client self-pay, copay, and coinsurance payments."
_MDD_JCT_X_CREDIBLE_FINANCIALS,_MDD_JCT_X_CREDIBLE_FINANCIALS_RCM,Organized Revenue Code Matrix output that defines how service criteria map to debit and credit account behavior in accounting workflows.
_MDD_JCT_X_CREDIBLE_FINANCIALS,_MDD_JCT_X_CREDIBLE_FINANCIALS_ACCOUNTS_REV,"Accounts classified as revenue accounts, typically represented on the credit side in journal-entry accounting workflows."
_MDD_JCT_X_CREDIBLE_FINANCIALS,_MDD_JCT_X_CREDIBLE_FINANCIALS_ACCOUNTS_REC,"Accounts classified as receivable accounts (for example A/R), used to track amounts owed to the agency and typically represented on the debit side."
_MDD_JCT_X_CREDIBLE_FINANCIALS,_MDD_JCT_X_CREDIBLE_FINANCIALS_ACCOUNTS_ADJ,"Accounts classified as adjustment accounts, used when payer or agency adjustments change the amount owed to the agency."
_MDD_JCT_X_CREDIBLE_FINANCIALS,_MDD_JCT_X_CREDIBLE_FINANCIALS_ACCOUNTS_INFERRED_TRANSACTION_COUNTS,"Intermediate inference-support table that stores transaction count evidence used to classify accounts as receivable, revenue, or adjustment."
_MDD_JCT_X_CREDIBLE_FINANCIALS,_MDD_JCT_X_CREDIBLE_FINANCIALS_ACCOUNTS_INFERRED_FRM_LEDGER,Intermediate inference-support table that estimates likely account side behavior from observed ledger transaction patterns.
_MDD_JCT_X_CREDIBLE_FINANCIALS,_MDD_JCT_X_CREDIBLE_FINANCIALS_ACCOUNTS,Agency chart-of-accounts reference table with account metadata and inferred account-side classification details.
_MDD_JCT_X_CREDIBLE_FINANCIALS,_MDD_JCT_X_CREDIBLE_FINANCIALS_CURRENT_BALANCES,"Current balance by service, including positive, negative, and zero balances; positive values indicate money owed to the agency, negative values indicate money owed back to payers."
_MDD_JCT_X_CREDIBLE_FINANCIALS,_MDD_JCT_X_CREDIBLE_FINANCIALS_JOURNAL_ENTRIES,"Journal-entry line dataset derived from the ledger, with one row per debit or credit line for financial reporting and accounting analysis."
_MDD_JCT_X_CREDIBLE_FINANCIALS,_MDD_JCT_X_CREDIBLE_FINANCIALS_SERVICES,"Financially focused service dataset derived from Credible service records, preserving service context used in accounting and revenue analysis."
_MDD_JCT_X_CREDIBLE_FINANCIALS,_MDD_JCT_X_CREDIBLE_FINANCIALS_REPORT_DESIGN,Financial/accounting extension output table for Credible financial reporting and general ledger analysis.
_MDD_JCT_X_CREDIBLE_MEDICAL_PROFILE,_MDD_JCT_X_CREDIBLE_MEDICAL_PROFILE_BMI_PERCENTILE_CURVES,CDC-based percentile curve points used for child BMI chart overlays.
_MDD_JCT_X_CREDIBLE_MEDICAL_PROFILE,_MDD_JCT_X_CREDIBLE_MEDICAL_PROFILE_BMI,BMI points for graphing; includes measured client BMI rows and generated percentile curve rows.
_MDD_JCT_X_CREDIBLE_NPH,_MDD_JCT_X_CREDIBLE_NPH_ASC,NPH extension output for ASC.
_MDD_JCT_X_CREDIBLE_NPH,_MDD_JCT_X_CREDIBLE_NPH_ASC_AND_BC,"Completes the work of matching up necessary ASC brief counseling services with ASC scores that necessitate a follow-up plan. Ginger and Andrew agonized over this one in May 2025, but we ended up deciding not to scheck if the score required an assessment, just whether one was done within the appropriate range. We'll let NetSmart determine if the assessment is required."
_MDD_JCT_X_CREDIBLE_NPH,_MDD_JCT_X_CREDIBLE_NPH_ASSESSMENT_RESULTS,NPH extension output for Assessment Results.
_MDD_JCT_X_CREDIBLE_NPH,_MDD_JCT_X_CREDIBLE_NPH_CLIENT_ADDRESS,NPH extension output for Address.
_MDD_JCT_X_CREDIBLE_NPH,_MDD_JCT_X_CREDIBLE_NPH_CLIENT_CLIENT,NPH extension output for Client.
_MDD_JCT_X_CREDIBLE_NPH,_MDD_JCT_X_CREDIBLE_NPH_CLIENT_CURRENTOCCUPATIONCODE,"While this is capable of being used for the client's occupation, we utilize this intentionally just to collect Military Status, which is a required piece of information for NPH"
_MDD_JCT_X_CREDIBLE_NPH,_MDD_JCT_X_CREDIBLE_NPH_CLIENT_EMAILACCOUNT,NPH extension output for Emailaccount.
_MDD_JCT_X_CREDIBLE_NPH,_MDD_JCT_X_CREDIBLE_NPH_CLIENT_LANGUAGE,NPH extension output for Language.
_MDD_JCT_X_CREDIBLE_NPH,_MDD_JCT_X_CREDIBLE_NPH_CLIENT_PHONENUMBER,NPH extension output for Phonenumber.
_MDD_JCT_X_CREDIBLE_NPH,_MDD_JCT_X_CREDIBLE_NPH_CLIENT_RACE,NPH extension output for Race.
_MDD_JCT_X_CREDIBLE_NPH,_MDD_JCT_X_CREDIBLE_NPH_CRISIS_CONTACT,NPH extension output for Crisis Contact.
_MDD_JCT_X_CREDIBLE_NPH,_MDD_JCT_X_CREDIBLE_NPH_DIAGNOSIS_DIAGNOSIS,NPH extension output for Diagnosis.
_MDD_JCT_X_CREDIBLE_NPH,_MDD_JCT_X_CREDIBLE_NPH_DIAGNOSIS_VOCABULARY,NPH extension output for Vocabulary.
_MDD_JCT_X_CREDIBLE_NPH,_MDD_JCT_X_CREDIBLE_NPH_EHRASSESSMENTRESULT_EHRASSESSMENTRESULT,We need both of these because the first half of the query uses service-based tables created in the agency specifics. The second half of the query uses custom events that must have either a Visit ID or an Episode ID.
_MDD_JCT_X_CREDIBLE_NPH,_MDD_JCT_X_CREDIBLE_NPH_EHRASSESSMENTRESULT_SCORING,NPH extension output for Scoring.
_MDD_JCT_X_CREDIBLE_NPH,_MDD_JCT_X_CREDIBLE_NPH_EHRASSESSMENTRESULT_VOCABULARY,NPH extension output for Vocabulary.
_MDD_JCT_X_CREDIBLE_NPH,_MDD_JCT_X_CREDIBLE_NPH_EVENTS,Create a mirror image of the Appointments table so that we can pull this data into the EHR Assessment report using the same fields
_MDD_JCT_X_CREDIBLE_NPH,_MDD_JCT_X_CREDIBLE_NPH_FIRST_CONTACT,NPH extension output for First Contact.
_MDD_JCT_X_CREDIBLE_NPH,_MDD_JCT_X_CREDIBLE_NPH_INCLUSION_CLIENT_YELLOW_LIGHT,"The reports in the Client Collection will be sent whether they're in the INCLUSION CLIENTS table or not, and will be based on whether they have had at least 1 enrollment so long as the enrollment is an allowed program. Reports that are related to Client IDs and not enrollments use the INCLUSION_CLIENTS table. Only send data about CLIENTS if they have at least 1 allowed enrollment."
_MDD_JCT_X_CREDIBLE_NPH,_MDD_JCT_X_CREDIBLE_NPH_INCLUSION_EHRASSESS,"This section creates inclusions for all data types it case based on that table. Only send data about visits if the visit is tied to an allowed enrollment Only send client assessment data if it's tied to an allowed visit, which is defined above as being attached to an allowed enrollment."
_MDD_JCT_X_CREDIBLE_NPH,_MDD_JCT_X_CREDIBLE_NPH_INCLUSION_ENROLLMENTS_X,Create a list of included enrollments that exclude enrollments whose client is also excluded.
_MDD_JCT_X_CREDIBLE_NPH,_MDD_JCT_X_CREDIBLE_NPH_INCLUSION_PROGRAMS,All datasets that are enrollment-based are considered for inclusion based on Enrollment ID (episode_id by default) in the _MDD_JCT_X_CREDIBLE_NPH_INCLUSION_ENROLLMENTS table. This section creates inclusions for all data types it case based on that table.
_MDD_JCT_X_CREDIBLE_NPH,_MDD_JCT_X_CREDIBLE_NPH_INCLUSION_USERS,"Only send client assessment data if it's tied to an allowed visit, which is defined above as being attached to an allowed enrollment. Only send staff data if it's tied to a visit, which is defined above as being attached to an allowed enrollment."
_MDD_JCT_X_CREDIBLE_NPH,_MDD_JCT_X_CREDIBLE_NPH_INCLUSION_VISITS,All datasets that are enrollment-based are considered for inclusion based on Enrollment ID (episode_id by default) in the _MDD_JCT_X_CREDIBLE_NPH_INCLUSION_ENROLLMENTS table. This section creates inclusions for all data types it case based on that table. Only send data about visits if the visit is tied to an allowed enrollment
_MDD_JCT_X_CREDIBLE_NPH,_MDD_JCT_X_CREDIBLE_NPH_INSURANCEPOLICY_INSURANCEPOLICY,NPH extension output for Insurancepolicy.
_MDD_JCT_X_CREDIBLE_NPH,_MDD_JCT_X_CREDIBLE_NPH_LABORATORYORDER_LABORATORYORDER,"NS expects all Lab Tests and Results to have a corresponding Order. Credible allows you to have eLab tests and results without such an order. Rather than us inventing that, we'll send the Test ID as the Order ID instead."
_MDD_JCT_X_CREDIBLE_NPH,_MDD_JCT_X_CREDIBLE_NPH_LABORATORYORDER_LABORATORYORDER_REASONCODE,NPH extension output for Laboratoryorder Reasoncode.
_MDD_JCT_X_CREDIBLE_NPH,_MDD_JCT_X_CREDIBLE_NPH_LABORATORYRESULT_LABORATORYRESULT,NPH extension output for Laboratoryresult.
_MDD_JCT_X_CREDIBLE_NPH,_MDD_JCT_X_CREDIBLE_NPH_LABORATORYRESULT_LABORATORYRESULTTEST,NPH extension output for Laboratoryresulttest.
_MDD_JCT_X_CREDIBLE_NPH,_MDD_JCT_X_CREDIBLE_NPH_LABORATORYRESULT_LABORATORYRESULTTESTOBSERVATION,NPH extension output for Laboratoryresulttestobservation.
_MDD_JCT_X_CREDIBLE_NPH,_MDD_JCT_X_CREDIBLE_NPH_LOCATION_LOCATION,NPH extension output for Location.
_MDD_JCT_X_CREDIBLE_NPH,_MDD_JCT_X_CREDIBLE_NPH_MEDICATIONORDER_MEDICATIONORDER,NPH extension output for Medicationorder.
_MDD_JCT_X_CREDIBLE_NPH,_MDD_JCT_X_CREDIBLE_NPH_MEDICATIONORDER_MEDICATIONORDERPRESCRIPTION,NPH extension output for Medicationorderprescription.
_MDD_JCT_X_CREDIBLE_NPH,_MDD_JCT_X_CREDIBLE_NPH_MEDICATIONORDER_MEDICATIONORDERPRESCRIPTIONMEDICATION_VOCABULARY,NPH extension output for Medicationorderprescriptionmedication Vocabulary.
_MDD_JCT_X_CREDIBLE_NPH,_MDD_JCT_X_CREDIBLE_NPH_MEDICATIONORDER_MEDICATIONORDERREASONCODE,NPH extension output for Medicationorderreasoncode.
_MDD_JCT_X_CREDIBLE_NPH,_MDD_JCT_X_CREDIBLE_NPH_PHQ,NPH extension output for PHQ.
_MDD_JCT_X_CREDIBLE_NPH,_MDD_JCT_X_CREDIBLE_NPH_PHQ_AND_FUP,"For example, anyone who is 18 at the time of service might mistakenly get a PHQ-A. For duplicates where the score is 0 for the PHQ-9 and >0 for the PHQ-A, we intentionally ignore those records. We ONLY want data for adults where the PHQ-9 score is > 0 and the PHQ-A is 0, as that means that the Adult assessment was applied while the Child assessment was ignored. Non-Duplicates"
_MDD_JCT_X_CREDIBLE_NPH,_MDD_JCT_X_CREDIBLE_NPH_PROGRAMADMISSION_PROGRAMADMISSION,NPH extension output for Programadmission.
_MDD_JCT_X_CREDIBLE_NPH,_MDD_JCT_X_CREDIBLE_NPH_PROGRAMADMISSION_REASONCODE,"One 6/30/2025, Andrew Kofoid asked that we not send data for this report if it's null and since every row will be NULL since we don't actually collect this data in Credible I'm just commenting it all out."
_MDD_JCT_X_CREDIBLE_NPH,_MDD_JCT_X_CREDIBLE_NPH_PROGRAMDISCHARGE_PROGRAMDISCHARGE,NPH extension output for Programdischarge.
_MDD_JCT_X_CREDIBLE_NPH,_MDD_JCT_X_CREDIBLE_NPH_PROGRAMDISCHARGE_REASONCODE,NPH extension output for Reasoncode.
_MDD_JCT_X_CREDIBLE_NPH,_MDD_JCT_X_CREDIBLE_NPH_PROGRAM_PROGRAM,NPH extension output for Program.
_MDD_JCT_X_CREDIBLE_NPH,_MDD_JCT_X_CREDIBLE_NPH_PROVIDER_IDENTIFICATION,NPH extension output for Identification.
_MDD_JCT_X_CREDIBLE_NPH,_MDD_JCT_X_CREDIBLE_NPH_PROVIDER_PROVIDER,NPH extension output for Provider.
_MDD_JCT_X_CREDIBLE_NPH,_MDD_JCT_X_CREDIBLE_NPH_SDOH,NPH extension output for SDOH.
_MDD_JCT_X_CREDIBLE_NPH,_MDD_JCT_X_CREDIBLE_NPH_SERVICE_SERVICE,NPH extension output for Service.
_MDD_JCT_X_CREDIBLE_NPH,_MDD_JCT_X_CREDIBLE_NPH_SERVICE_VOCABULARY,",t.[Appointment Procedure Code HCPCS] [DisplayName]"
_MDD_JCT_X_CREDIBLE_NPH,_MDD_JCT_X_CREDIBLE_NPH_STAFFMEMBER_ROLE,NPH extension output for Role.
_MDD_JCT_X_CREDIBLE_NPH,_MDD_JCT_X_CREDIBLE_NPH_STAFFMEMBER_STAFFMEMBER,NPH extension output for Staffmember.
_MDD_JCT_X_CREDIBLE_NPH,_MDD_JCT_X_CREDIBLE_NPH_VISIT_MODIFIER,NPH extension output for Modifier.
_MDD_JCT_X_CREDIBLE_NPH,_MDD_JCT_X_CREDIBLE_NPH_VISIT_VISIT,NPH extension output for Visit.
_MDD_JCT_X_CREDIBLE_NPH,_MDD_JCT_X_CREDIBLE_NPH_VISIT_VOCABULARY,NPH extension output for Vocabulary.
_MDD_JCT_X_CREDIBLE_NPH,_MDD_JCT_X_CREDIBLE_NPH_VITALSIGNSET_VITALSIGN,NPH extension output for Vitalsign.
_MDD_JCT_X_CREDIBLE_NPH,_MDD_JCT_X_CREDIBLE_NPH_VITALSIGNSET_VITALSIGNSET,NPH extension output for Vitalsignset.
_MDD_JCT_X_CREDIBLE_NPH,_MDD_JCT_X_CREDIBLE_NPH_VITALSIGNSET_VOCABULARY,NPH extension output for Vocabulary.
_MDD_JCT_X_MYRC,_MDD_JCT_X_MYRC_CLIENTS,A person whose information is included in the agency's MyRC extract.
_MDD_JCT_X_MYRC,_MDD_JCT_X_MYRC_CLIENT_ADDRESSES,A distinct address associated with a client.
_MDD_JCT_X_MYRC,_MDD_JCT_X_MYRC_CLIENT_PHONES,A distinct telephone contact value associated with a client.
_MDD_JCT_X_MYRC,_MDD_JCT_X_MYRC_CLIENT_RACES,A race value associated with a client. MyRC does not impose a controlled race vocabulary.
_MDD_JCT_X_MYRC,_MDD_JCT_X_MYRC_CLIENT_GENDERS,A gender value associated with a client. Known MyRC values are examples and not a closed vocabulary.
_MDD_JCT_X_MYRC,_MDD_JCT_X_MYRC_PROGRAMS,An agency program in which a client may be enrolled. Program Name is supplied to avoid MyRC-side translation of agency-specific Program IDs.
_MDD_JCT_X_MYRC,_MDD_JCT_X_MYRC_ENROLLMENTS,A client's participation in an agency program. A client may have multiple enrollments.
_MDD_JCT_X_MYRC,_MDD_JCT_X_MYRC_ENROLLMENT_PROVIDERS,"Relationship rows linking enrollments to distinct provider assignments. Multiple providers, including multiple primary providers, may exist for one enrollment."
_MDD_JCT_X_MYRC,_MDD_JCT_X_MYRC_ENROLLMENT_REFERRALS,Relationship rows linking enrollments to distinct referral records. Multiple referrals may exist for one enrollment.
